{
  "tickers": [
    "ABX.TO",
    "BHP",
    "BVN",
    "FSM",
    "VOLCABC1.LM"
  ],
  "nsga2_max_sharpe": {
    "retorno": 0.0772098382772011,
    "riesgo": 0.27810264816799507,
    "sharpe": 0.277630719397395,
    "pesos": {
      "ABX.TO": 0.3813,
      "BHP": 0.6175,
      "BVN": 0.0007,
      "FSM": 0.0003,
      "VOLCABC1.LM": 0.0003
    }
  }
}