{
  "parametros_dp": {
    "lambda_tc": 0.001,
    "periodos_t": 12,
    "paso_grilla": 0.1,
    "total_estados": 1001
  },
  "riqueza_final": {
    "buy_and_hold": 70985.94610700945,
    "siempre_rebalancear": 73907.20672193439,
    "dp_optimizado": 74245.82155045755
  },
  "timeline_rebalanceos_dp": [
    5
  ],
  "trayectoria_dp": [
    100000.0,
    104234.61874746036,
    101051.55979283334,
    97625.52198048761,
    99287.6366064934,
    79384.28813334131,
    84294.55639046794,
    78936.13495528037,
    68733.86350622223,
    74916.89830578337,
    79781.72240086611,
    77428.86235897747,
    74245.82155045755
  ]
}