{
  "tickers": [
    "ABX.TO",
    "BHP",
    "BVN",
    "FSM",
    "VOLCABC1.LM"
  ],
  "markowitz_max_sharpe": {
    "retorno": 0.07736049163478673,
    "riesgo": 0.27825547095252956,
    "sharpe": 0.27801966074544654,
    "pesos": {
      "ABX.TO": 0.3773,
      "BHP": 0.6227,
      "BVN": 0.0,
      "FSM": 0.0,
      "VOLCABC1.LM": 0.0
    }
  },
  "simulacion_riqueza_final": {
    "buy_and_hold": 127896.53406638103,
    "equiponderado": 186469.99345716834,
    "markowitz": 252369.75542711583
  }
}